,Mean R,Mean G,Mean B,Std R,Std G,Std B,Pixel Noise
Original,0.6489843,0.5384758,0.4595674,0.30231923,0.28335446,0.27966487,0.0
Glazed,0.64276993,0.5310742,0.45237574,0.3027368,0.28347433,0.27967712,0.0
AI Result,0.62630177,0.5124043,0.27510008,0.32470027,0.23344134,0.16061199,0.0
